event_link,medal,medalist_link,delegation_link,medalist_wikidata_id,event_wikidata_id,delegation_wikidata_id
https://en.wikipedia.org/wiki/Athletics_at_the_2012_Summer_Olympics_%E2%80%93_Men%27s_100_metres,gold,https://en.wikipedia.org/wiki/Usain_Bolt,https://en.wikipedia.org/wiki/Jamaica_at_the_2012_Summer_Olympics,Q1189,Q734020,Q142027
https://en.wikipedia.org/wiki/Athletics_at_the_2012_Summer_Olympics_%E2%80%93_Men%27s_100_metres,silver,https://en.wikipedia.org/wiki/Yohan_Blake,https://en.wikipedia.org/wiki/Jamaica_at_the_2012_Summer_Olympics,Q1651,Q734020,Q142027
https://en.wikipedia.org/wiki/Athletics_at_the_2012_Summer_Olympics_%E2%80%93_Men%27s_100_metres,bronze,https://en.wikipedia.org/wiki/Justin_Gatlin,https://en.wikipedia.org/wiki/United_States_at_the_2012_Summer_Olympics,Q1652,Q734020,Q139623
https://en.wikipedia.org/wiki/Athletics_at_the_2012_Summer_Olympics_%E2%80%93_Men%27s_200_metres,gold,https://en.wikipedia.org/wiki/Usain_Bolt,https://en.wikipedia.org/wiki/Jamaica_at_the_2012_Summer_Olympics,Q1189,Q1649415,Q142027
https://en.wikipedia.org/wiki/Athletics_at_the_2012_Summer_Olympics_%E2%80%93_Men%27s_200_metres,silver,https://en.wikipedia.org/wiki/Yohan_Blake,https://en.wikipedia.org/wiki/Jamaica_at_the_2012_Summer_Olympics,Q1651,Q1649415,Q142027
https://en.wikipedia.org/wiki/Athletics_at_the_2012_Summer_Olympics_%E2%80%93_Men%27s_200_metres,bronze,https://en.wikipedia.org/wiki/Warren_Weir,https://en.wikipedia.org/wiki/Jamaica_at_the_2012_Summer_Olympics,Q1654,Q1649415,Q142027
https://en.wikipedia.org/wiki/Athletics_at_the_2012_Summer_Olympics_%E2%80%93_Men%27s_400_metres,gold,https://en.wikipedia.org/wiki/Kirani_James,https://en.wikipedia.org/wiki/Grenada_at_the_2012_Summer_Olympics,Q1655,Q1636766,Q140574
https://en.wikipedia.org/wiki/Athletics_at_the_2012_Summer_Olympics_%E2%80%93_Men%27s_400_metres,silver,https://en.wikipedia.org/wiki/Luguel%C3%ADn_Santos,https://en.wikipedia.org/wiki/Dominican_Republic_at_the_2012_Summer_Olympics,Q1656,Q1636766,Q141133
https://en.wikipedia.org/wiki/Athletics_at_the_2012_Summer_Olympics_%E2%80%93_Men%27s_400_metres,bronze,https://en.wikipedia.org/wiki/Lalonde_Gordon,https://en.wikipedia.org/wiki/Trinidad_and_Tobago_at_the_2012_Summer_Olympics,Q1657,Q1636766,Q140890
https://en.wikipedia.org/wiki/Athletics_at_the_2012_Summer_Olympics_%E2%80%93_Men%27s_800_metres,gold,https://en.wikipedia.org/wiki/David_Rudisha,https://en.wikipedia.org/wiki/Kenya_at_the_2012_Summer_Olympics,Q1659,Q1049551,Q140514
https://en.wikipedia.org/wiki/Athletics_at_the_2012_Summer_Olympics_%E2%80%93_Men%27s_800_metres,silver,https://en.wikipedia.org/wiki/Nijel_Amos,https://en.wikipedia.org/wiki/Botswana_at_the_2012_Summer_Olympics,Q1660,Q1049551,Q140142
https://en.wikipedia.org/wiki/Athletics_at_the_2012_Summer_Olympics_%E2%80%93_Men%27s_800_metres,bronze,https://en.wikipedia.org/wiki/Timothy_Kitum,https://en.wikipedia.org/wiki/Kenya_at_the_2012_Summer_Olympics,Q1662,Q1049551,Q140514
https://en.wikipedia.org/wiki/Athletics_at_the_2012_Summer_Olympics_%E2%80%93_Men%27s_1500_metres,gold,https://en.wikipedia.org/wiki/Taoufik_Makhloufi,https://en.wikipedia.org/wiki/Algeria_at_the_2012_Summer_Olympics,Q1665,Q591384,Q141589
https://en.wikipedia.org/wiki/Athletics_at_the_2012_Summer_Olympics_%E2%80%93_Men%27s_1500_metres,silver,https://en.wikipedia.org/wiki/Leonel_Manzano,https://en.wikipedia.org/wiki/United_States_at_the_2012_Summer_Olympics,Q1668,Q591384,Q139623
https://en.wikipedia.org/wiki/Athletics_at_the_2012_Summer_Olympics_%E2%80%93_Men%27s_1500_metres,bronze,https://en.wikipedia.org/wiki/Abdalaati_Iguider,https://en.wikipedia.org/wiki/Morocco_at_the_2012_Summer_Olympics,Q1669,Q591384,Q141541
https://en.wikipedia.org/wiki/Athletics_at_the_2012_Summer_Olympics_%E2%80%93_Men%27s_5000_metres,gold,https://en.wikipedia.org/wiki/Mo_Farah,https://en.wikipedia.org/wiki/Great_Britain_at_the_2012_Summer_Olympics,Q1671,Q2071171,Q139606
https://en.wikipedia.org/wiki/Athletics_at_the_2012_Summer_Olympics_%E2%80%93_Men%27s_5000_metres,silver,https://en.wikipedia.org/wiki/Dejen_Gebremeskel,https://en.wikipedia.org/wiki/Ethiopia_at_the_2012_Summer_Olympics,Q1672,Q2071171,Q141316
https://en.wikipedia.org/wiki/Athletics_at_the_2012_Summer_Olympics_%E2%80%93_Men%27s_5000_metres,bronze,https://en.wikipedia.org/wiki/Thomas_Longosiwa,https://en.wikipedia.org/wiki/Kenya_at_the_2012_Summer_Olympics,Q73758,Q2071171,Q140514
"https://en.wikipedia.org/wiki/Athletics_at_the_2012_Summer_Olympics_%E2%80%93_Men%27s_10,000_metres",gold,https://en.wikipedia.org/wiki/Mo_Farah,https://en.wikipedia.org/wiki/Great_Britain_at_the_2012_Summer_Olympics,Q1671,Q1753402,Q139606
"https://en.wikipedia.org/wiki/Athletics_at_the_2012_Summer_Olympics_%E2%80%93_Men%27s_10,000_metres",silver,https://en.wikipedia.org/wiki/Galen_Rupp,https://en.wikipedia.org/wiki/United_States_at_the_2012_Summer_Olympics,Q63691,Q1753402,Q139623
"https://en.wikipedia.org/wiki/Athletics_at_the_2012_Summer_Olympics_%E2%80%93_Men%27s_10,000_metres",bronze,https://en.wikipedia.org/wiki/Tariku_Bekele,https://en.wikipedia.org/wiki/Ethiopia_at_the_2012_Summer_Olympics,Q1674,Q1753402,Q141316
https://en.wikipedia.org/wiki/Athletics_at_the_2012_Summer_Olympics_%E2%80%93_Men%27s_110_metres_hurdles,gold,https://en.wikipedia.org/wiki/Aries_Merritt,https://en.wikipedia.org/wiki/United_States_at_the_2012_Summer_Olympics,Q1683,Q2000999,Q139623
https://en.wikipedia.org/wiki/Athletics_at_the_2012_Summer_Olympics_%E2%80%93_Men%27s_110_metres_hurdles,silver,https://en.wikipedia.org/wiki/Jason_Richardson_(hurdler),https://en.wikipedia.org/wiki/United_States_at_the_2012_Summer_Olympics,Q438307,Q2000999,Q139623
https://en.wikipedia.org/wiki/Athletics_at_the_2012_Summer_Olympics_%E2%80%93_Men%27s_110_metres_hurdles,bronze,https://en.wikipedia.org/wiki/Hansle_Parchment,https://en.wikipedia.org/wiki/Jamaica_at_the_2012_Summer_Olympics,Q1687,Q2000999,Q142027
https://en.wikipedia.org/wiki/Athletics_at_the_2012_Summer_Olympics_%E2%80%93_Men%27s_400_metres_hurdles,gold,https://en.wikipedia.org/wiki/F%C3%A9lix_S%C3%A1nchez_(hurdler),https://en.wikipedia.org/wiki/Dominican_Republic_at_the_2012_Summer_Olympics,Q1689,Q1772012,Q141133
https://en.wikipedia.org/wiki/Athletics_at_the_2012_Summer_Olympics_%E2%80%93_Men%27s_400_metres_hurdles,silver,https://en.wikipedia.org/wiki/Michael_Tinsley,https://en.wikipedia.org/wiki/United_States_at_the_2012_Summer_Olympics,Q429536,Q1772012,Q139623
https://en.wikipedia.org/wiki/Athletics_at_the_2012_Summer_Olympics_%E2%80%93_Men%27s_400_metres_hurdles,bronze,https://en.wikipedia.org/wiki/Javier_Culson,https://en.wikipedia.org/wiki/Puerto_Rico_at_the_2012_Summer_Olympics,Q1691,Q1772012,Q141414
https://en.wikipedia.org/wiki/Athletics_at_the_2012_Summer_Olympics_%E2%80%93_Men%27s_3000_metres_steeplechase,gold,https://en.wikipedia.org/wiki/Ezekiel_Kemboi,https://en.wikipedia.org/wiki/Kenya_at_the_2012_Summer_Olympics,Q1677,Q1771990,Q140514
https://en.wikipedia.org/wiki/Athletics_at_the_2012_Summer_Olympics_%E2%80%93_Men%27s_3000_metres_steeplechase,silver,https://en.wikipedia.org/wiki/Mahiedine_Mekhissi-Benabbad,https://en.wikipedia.org/wiki/France_at_the_2012_Summer_Olympics,Q1679,Q1771990,Q139832
https://en.wikipedia.org/wiki/Athletics_at_the_2012_Summer_Olympics_%E2%80%93_Men%27s_3000_metres_steeplechase,bronze,https://en.wikipedia.org/wiki/Abel_Mutai,https://en.wikipedia.org/wiki/Kenya_at_the_2012_Summer_Olympics,Q1681,Q1771990,Q140514
https://en.wikipedia.org/wiki/Athletics_at_the_2012_Summer_Olympics_%E2%80%93_Men%27s_4_%C3%97_100_metres_relay,gold,https://en.wikipedia.org/wiki/Nesta_Carter,https://en.wikipedia.org/wiki/Jamaica_at_the_2012_Summer_Olympics,Q1699,Q1144200,Q142027
https://en.wikipedia.org/wiki/Athletics_at_the_2012_Summer_Olympics_%E2%80%93_Men%27s_4_%C3%97_100_metres_relay,gold,https://en.wikipedia.org/wiki/Michael_Frater,https://en.wikipedia.org/wiki/Jamaica_at_the_2012_Summer_Olympics,Q315740,Q1144200,Q142027
https://en.wikipedia.org/wiki/Athletics_at_the_2012_Summer_Olympics_%E2%80%93_Men%27s_4_%C3%97_100_metres_relay,gold,https://en.wikipedia.org/wiki/Yohan_Blake,https://en.wikipedia.org/wiki/Jamaica_at_the_2012_Summer_Olympics,Q1651,Q1144200,Q142027
https://en.wikipedia.org/wiki/Athletics_at_the_2012_Summer_Olympics_%E2%80%93_Men%27s_4_%C3%97_100_metres_relay,gold,https://en.wikipedia.org/wiki/Usain_Bolt,https://en.wikipedia.org/wiki/Jamaica_at_the_2012_Summer_Olympics,Q1189,Q1144200,Q142027
https://en.wikipedia.org/wiki/Athletics_at_the_2012_Summer_Olympics_%E2%80%93_Men%27s_4_%C3%97_100_metres_relay,gold,https://en.wikipedia.org/wiki/Kemar_Bailey-Cole,https://en.wikipedia.org/wiki/Jamaica_at_the_2012_Summer_Olympics,Q2700602,Q1144200,Q142027
https://en.wikipedia.org/wiki/Athletics_at_the_2012_Summer_Olympics_%E2%80%93_Men%27s_4_%C3%97_100_metres_relay,silver,https://en.wikipedia.org/wiki/Keston_Bledman,https://en.wikipedia.org/wiki/Trinidad_and_Tobago_at_the_2012_Summer_Olympics,Q717201,Q1144200,Q140890
https://en.wikipedia.org/wiki/Athletics_at_the_2012_Summer_Olympics_%E2%80%93_Men%27s_4_%C3%97_100_metres_relay,silver,https://en.wikipedia.org/wiki/Marc_Burns,https://en.wikipedia.org/wiki/Trinidad_and_Tobago_at_the_2012_Summer_Olympics,Q503303,Q1144200,Q140890
https://en.wikipedia.org/wiki/Athletics_at_the_2012_Summer_Olympics_%E2%80%93_Men%27s_4_%C3%97_100_metres_relay,silver,https://en.wikipedia.org/wiki/Emmanuel_Callender,https://en.wikipedia.org/wiki/Trinidad_and_Tobago_at_the_2012_Summer_Olympics,Q169529,Q1144200,Q140890
https://en.wikipedia.org/wiki/Athletics_at_the_2012_Summer_Olympics_%E2%80%93_Men%27s_4_%C3%97_100_metres_relay,silver,https://en.wikipedia.org/wiki/Richard_Thompson_(sprinter),https://en.wikipedia.org/wiki/Trinidad_and_Tobago_at_the_2012_Summer_Olympics,Q359373,Q1144200,Q140890
https://en.wikipedia.org/wiki/Athletics_at_the_2012_Summer_Olympics_%E2%80%93_Men%27s_4_%C3%97_100_metres_relay,bronze,https://en.wikipedia.org/wiki/Jimmy_Vicaut,https://en.wikipedia.org/wiki/France_at_the_2012_Summer_Olympics,Q937648,Q1144200,Q139832
https://en.wikipedia.org/wiki/Athletics_at_the_2012_Summer_Olympics_%E2%80%93_Men%27s_4_%C3%97_100_metres_relay,bronze,https://en.wikipedia.org/wiki/Christophe_Lemaitre,https://en.wikipedia.org/wiki/France_at_the_2012_Summer_Olympics,Q274636,Q1144200,Q139832
https://en.wikipedia.org/wiki/Athletics_at_the_2012_Summer_Olympics_%E2%80%93_Men%27s_4_%C3%97_100_metres_relay,bronze,https://en.wikipedia.org/wiki/Pierre-Alexis_Pessonneaux,https://en.wikipedia.org/wiki/France_at_the_2012_Summer_Olympics,Q286146,Q1144200,Q139832
https://en.wikipedia.org/wiki/Athletics_at_the_2012_Summer_Olympics_%E2%80%93_Men%27s_4_%C3%97_100_metres_relay,bronze,https://en.wikipedia.org/wiki/Ronald_Pognon,https://en.wikipedia.org/wiki/France_at_the_2012_Summer_Olympics,Q947242,Q1144200,Q139832
https://en.wikipedia.org/wiki/Athletics_at_the_2012_Summer_Olympics_%E2%80%93_Men%27s_4_%C3%97_400_metres_relay,gold,https://en.wikipedia.org/wiki/Chris_Brown_(sprinter),https://en.wikipedia.org/wiki/Bahamas_at_the_2012_Summer_Olympics,Q240686,Q1924820,Q146556
https://en.wikipedia.org/wiki/Athletics_at_the_2012_Summer_Olympics_%E2%80%93_Men%27s_4_%C3%97_400_metres_relay,gold,https://en.wikipedia.org/wiki/Demetrius_Pinder,https://en.wikipedia.org/wiki/Bahamas_at_the_2012_Summer_Olympics,Q194716,Q1924820,Q146556
https://en.wikipedia.org/wiki/Athletics_at_the_2012_Summer_Olympics_%E2%80%93_Men%27s_4_%C3%97_400_metres_relay,gold,https://en.wikipedia.org/wiki/Michael_Mathieu,https://en.wikipedia.org/wiki/Bahamas_at_the_2012_Summer_Olympics,Q716418,Q1924820,Q146556
https://en.wikipedia.org/wiki/Athletics_at_the_2012_Summer_Olympics_%E2%80%93_Men%27s_4_%C3%97_400_metres_relay,gold,https://en.wikipedia.org/wiki/Ramon_Miller,https://en.wikipedia.org/wiki/Bahamas_at_the_2012_Summer_Olympics,Q774439,Q1924820,Q146556
https://en.wikipedia.org/wiki/Athletics_at_the_2012_Summer_Olympics_%E2%80%93_Men%27s_4_%C3%97_400_metres_relay,silver,https://en.wikipedia.org/wiki/Bryshon_Nellum,https://en.wikipedia.org/wiki/United_States_at_the_2012_Summer_Olympics,Q587256,Q1924820,Q139623
https://en.wikipedia.org/wiki/Athletics_at_the_2012_Summer_Olympics_%E2%80%93_Men%27s_4_%C3%97_400_metres_relay,silver,https://en.wikipedia.org/wiki/Joshua_Mance,https://en.wikipedia.org/wiki/United_States_at_the_2012_Summer_Olympics,Q3082683,Q1924820,Q139623
https://en.wikipedia.org/wiki/Athletics_at_the_2012_Summer_Olympics_%E2%80%93_Men%27s_4_%C3%97_400_metres_relay,silver,https://en.wikipedia.org/wiki/Tony_McQuay,https://en.wikipedia.org/wiki/United_States_at_the_2012_Summer_Olympics,Q959208,Q1924820,Q139623
https://en.wikipedia.org/wiki/Athletics_at_the_2012_Summer_Olympics_%E2%80%93_Men%27s_4_%C3%97_400_metres_relay,silver,https://en.wikipedia.org/wiki/Angelo_Taylor,https://en.wikipedia.org/wiki/United_States_at_the_2012_Summer_Olympics,Q15505,Q1924820,Q139623
https://en.wikipedia.org/wiki/Athletics_at_the_2012_Summer_Olympics_%E2%80%93_Men%27s_4_%C3%97_400_metres_relay,silver,https://en.wikipedia.org/wiki/Manteo_Mitchell,https://en.wikipedia.org/wiki/United_States_at_the_2012_Summer_Olympics,Q256957,Q1924820,Q139623
https://en.wikipedia.org/wiki/Athletics_at_the_2012_Summer_Olympics_%E2%80%93_Men%27s_4_%C3%97_400_metres_relay,bronze,https://en.wikipedia.org/wiki/Lalonde_Gordon,https://en.wikipedia.org/wiki/Trinidad_and_Tobago_at_the_2012_Summer_Olympics,Q1657,Q1924820,Q140890
https://en.wikipedia.org/wiki/Athletics_at_the_2012_Summer_Olympics_%E2%80%93_Men%27s_4_%C3%97_400_metres_relay,bronze,https://en.wikipedia.org/wiki/Jarrin_Solomon,https://en.wikipedia.org/wiki/Trinidad_and_Tobago_at_the_2012_Summer_Olympics,Q2701106,Q1924820,Q140890
https://en.wikipedia.org/wiki/Athletics_at_the_2012_Summer_Olympics_%E2%80%93_Men%27s_4_%C3%97_400_metres_relay,bronze,https://en.wikipedia.org/wiki/Ade_Alleyne-Forte,https://en.wikipedia.org/wiki/Trinidad_and_Tobago_at_the_2012_Summer_Olympics,Q2824172,Q1924820,Q140890
https://en.wikipedia.org/wiki/Athletics_at_the_2012_Summer_Olympics_%E2%80%93_Men%27s_4_%C3%97_400_metres_relay,bronze,https://en.wikipedia.org/wiki/Deon_Lendore,https://en.wikipedia.org/wiki/Trinidad_and_Tobago_at_the_2012_Summer_Olympics,Q3023470,Q1924820,Q140890
https://en.wikipedia.org/wiki/Athletics_at_the_2012_Summer_Olympics_%E2%80%93_Men%27s_marathon,gold,https://en.wikipedia.org/wiki/Stephen_Kiprotich,https://en.wikipedia.org/wiki/Uganda_at_the_2012_Summer_Olympics,Q1702,Q1798983,Q140650
https://en.wikipedia.org/wiki/Athletics_at_the_2012_Summer_Olympics_%E2%80%93_Men%27s_marathon,silver,https://en.wikipedia.org/wiki/Abel_Kirui,https://en.wikipedia.org/wiki/Kenya_at_the_2012_Summer_Olympics,Q1704,Q1798983,Q140514
https://en.wikipedia.org/wiki/Athletics_at_the_2012_Summer_Olympics_%E2%80%93_Men%27s_marathon,bronze,https://en.wikipedia.org/wiki/Wilson_Kipsang_Kiprotich,https://en.wikipedia.org/wiki/Kenya_at_the_2012_Summer_Olympics,Q1705,Q1798983,Q140514
https://en.wikipedia.org/wiki/Athletics_at_the_2012_Summer_Olympics_%E2%80%93_Men%27s_20_kilometres_walk,gold,https://en.wikipedia.org/wiki/Chen_Ding,https://en.wikipedia.org/wiki/China_at_the_2012_Summer_Olympics,Q1708,Q1050909,Q139669
https://en.wikipedia.org/wiki/Athletics_at_the_2012_Summer_Olympics_%E2%80%93_Men%27s_20_kilometres_walk,silver,https://en.wikipedia.org/wiki/Erick_Barrondo,https://en.wikipedia.org/wiki/Guatemala_at_the_2012_Summer_Olympics,Q1712,Q1050909,Q140552
https://en.wikipedia.org/wiki/Athletics_at_the_2012_Summer_Olympics_%E2%80%93_Men%27s_20_kilometres_walk,bronze,https://en.wikipedia.org/wiki/Wang_Zhen_(racewalker),https://en.wikipedia.org/wiki/China_at_the_2012_Summer_Olympics,Q703861,Q1050909,Q139669
https://en.wikipedia.org/wiki/Athletics_at_the_2012_Summer_Olympics_%E2%80%93_Men%27s_50_kilometres_walk,gold,https://en.wikipedia.org/wiki/Jared_Tallent,https://en.wikipedia.org/wiki/Australia_at_the_2012_Summer_Olympics,Q1728,Q2070009,Q140455
https://en.wikipedia.org/wiki/Athletics_at_the_2012_Summer_Olympics_%E2%80%93_Men%27s_50_kilometres_walk,silver,https://en.wikipedia.org/wiki/Si_Tianfeng,https://en.wikipedia.org/wiki/China_at_the_2012_Summer_Olympics,Q2500297,Q2070009,Q139669
https://en.wikipedia.org/wiki/Athletics_at_the_2012_Summer_Olympics_%E2%80%93_Men%27s_50_kilometres_walk,bronze,https://en.wikipedia.org/wiki/Robert_Heffernan,https://en.wikipedia.org/wiki/Ireland_at_the_2012_Summer_Olympics,Q725470,Q2070009,Q135345
https://en.wikipedia.org/wiki/Athletics_at_the_2012_Summer_Olympics_%E2%80%93_Men%27s_high_jump,gold,https://en.wikipedia.org/wiki/Erik_Kynard,https://en.wikipedia.org/wiki/United_States_at_the_2012_Summer_Olympics,Q1736,Q2000949,Q139623
https://en.wikipedia.org/wiki/Athletics_at_the_2012_Summer_Olympics_%E2%80%93_Men%27s_high_jump,silver,https://en.wikipedia.org/wiki/Mutaz_Essa_Barshim,https://en.wikipedia.org/wiki/Qatar_at_the_2012_Summer_Olympics,Q1739,Q2000949,Q140429
https://en.wikipedia.org/wiki/Athletics_at_the_2012_Summer_Olympics_%E2%80%93_Men%27s_high_jump,silver,https://en.wikipedia.org/wiki/Derek_Drouin,https://en.wikipedia.org/wiki/Qatar_at_the_2012_Summer_Olympics,Q511402,Q2000949,Q140429
https://en.wikipedia.org/wiki/Athletics_at_the_2012_Summer_Olympics_%E2%80%93_Men%27s_high_jump,silver,https://en.wikipedia.org/wiki/Robert_Grabarz,https://en.wikipedia.org/wiki/Qatar_at_the_2012_Summer_Olympics,Q1738,Q2000949,Q140429
https://en.wikipedia.org/wiki/Athletics_at_the_2012_Summer_Olympics_%E2%80%93_Men%27s_pole_vault,gold,https://en.wikipedia.org/wiki/Renaud_Lavillenie,https://en.wikipedia.org/wiki/France_at_the_2012_Summer_Olympics,Q1742,Q2000968,Q139832
https://en.wikipedia.org/wiki/Athletics_at_the_2012_Summer_Olympics_%E2%80%93_Men%27s_pole_vault,silver,https://en.wikipedia.org/wiki/Bj%C3%B6rn_Otto,https://en.wikipedia.org/wiki/Germany_at_the_2012_Summer_Olympics,Q1743,Q2000968,Q140287
https://en.wikipedia.org/wiki/Athletics_at_the_2012_Summer_Olympics_%E2%80%93_Men%27s_pole_vault,bronze,https://en.wikipedia.org/wiki/Raphael_Holzdeppe,https://en.wikipedia.org/wiki/Germany_at_the_2012_Summer_Olympics,Q63521,Q2000968,Q140287
https://en.wikipedia.org/wiki/Athletics_at_the_2012_Summer_Olympics_%E2%80%93_Men%27s_long_jump,gold,https://en.wikipedia.org/wiki/Greg_Rutherford,https://en.wikipedia.org/wiki/Great_Britain_at_the_2012_Summer_Olympics,Q1745,Q1055931,Q139606
https://en.wikipedia.org/wiki/Athletics_at_the_2012_Summer_Olympics_%E2%80%93_Men%27s_long_jump,silver,https://en.wikipedia.org/wiki/Mitchell_Watt,https://en.wikipedia.org/wiki/Australia_at_the_2012_Summer_Olympics,Q1747,Q1055931,Q140455
https://en.wikipedia.org/wiki/Athletics_at_the_2012_Summer_Olympics_%E2%80%93_Men%27s_long_jump,bronze,https://en.wikipedia.org/wiki/Will_Claye,https://en.wikipedia.org/wiki/United_States_at_the_2012_Summer_Olympics,Q1750,Q1055931,Q139623
https://en.wikipedia.org/wiki/Athletics_at_the_2012_Summer_Olympics_%E2%80%93_Men%27s_triple_jump,gold,https://en.wikipedia.org/wiki/Christian_Taylor_(athlete),https://en.wikipedia.org/wiki/United_States_at_the_2012_Summer_Olympics,Q1751,Q2000979,Q139623
https://en.wikipedia.org/wiki/Athletics_at_the_2012_Summer_Olympics_%E2%80%93_Men%27s_triple_jump,silver,https://en.wikipedia.org/wiki/Will_Claye,https://en.wikipedia.org/wiki/United_States_at_the_2012_Summer_Olympics,Q1750,Q2000979,Q139623
https://en.wikipedia.org/wiki/Athletics_at_the_2012_Summer_Olympics_%E2%80%93_Men%27s_triple_jump,bronze,https://en.wikipedia.org/wiki/Fabrizio_Donato,https://en.wikipedia.org/wiki/Italy_at_the_2012_Summer_Olympics,Q1753,Q2000979,Q140148
https://en.wikipedia.org/wiki/Athletics_at_the_2012_Summer_Olympics_%E2%80%93_Men%27s_shot_put,gold,https://en.wikipedia.org/wiki/Tomasz_Majewski,https://en.wikipedia.org/wiki/Poland_at_the_2012_Summer_Olympics,Q1755,Q593761,Q141014
https://en.wikipedia.org/wiki/Athletics_at_the_2012_Summer_Olympics_%E2%80%93_Men%27s_shot_put,silver,https://en.wikipedia.org/wiki/David_Storl,https://en.wikipedia.org/wiki/Germany_at_the_2012_Summer_Olympics,Q1758,Q593761,Q140287
https://en.wikipedia.org/wiki/Athletics_at_the_2012_Summer_Olympics_%E2%80%93_Men%27s_shot_put,bronze,https://en.wikipedia.org/wiki/Reese_Hoffa,https://en.wikipedia.org/wiki/United_States_at_the_2012_Summer_Olympics,Q1760,Q593761,Q139623
https://en.wikipedia.org/wiki/Athletics_at_the_2012_Summer_Olympics_%E2%80%93_Men%27s_discus_throw,gold,https://en.wikipedia.org/wiki/Robert_Harting,https://en.wikipedia.org/wiki/Germany_at_the_2012_Summer_Olympics,Q1766,Q765839,Q140287
https://en.wikipedia.org/wiki/Athletics_at_the_2012_Summer_Olympics_%E2%80%93_Men%27s_discus_throw,silver,https://en.wikipedia.org/wiki/Ehsan_Haddadi,https://en.wikipedia.org/wiki/Iran_at_the_2012_Summer_Olympics,Q1771,Q765839,Q147360
https://en.wikipedia.org/wiki/Athletics_at_the_2012_Summer_Olympics_%E2%80%93_Men%27s_discus_throw,bronze,https://en.wikipedia.org/wiki/Gerd_Kanter,https://en.wikipedia.org/wiki/Estonia_at_the_2012_Summer_Olympics,Q1776,Q765839,Q147063
https://en.wikipedia.org/wiki/Athletics_at_the_2012_Summer_Olympics_%E2%80%93_Men%27s_hammer_throw,gold,https://en.wikipedia.org/wiki/Kriszti%C3%A1n_Pars,https://en.wikipedia.org/wiki/Hungary_at_the_2012_Summer_Olympics,Q1778,Q841530,Q141007
https://en.wikipedia.org/wiki/Athletics_at_the_2012_Summer_Olympics_%E2%80%93_Men%27s_hammer_throw,silver,https://en.wikipedia.org/wiki/Primo%C5%BE_Kozmus,https://en.wikipedia.org/wiki/Slovenia_at_the_2012_Summer_Olympics,Q1783,Q841530,Q146625
https://en.wikipedia.org/wiki/Athletics_at_the_2012_Summer_Olympics_%E2%80%93_Men%27s_hammer_throw,bronze,https://en.wikipedia.org/wiki/Koji_Murofushi,https://en.wikipedia.org/wiki/Japan_at_the_2012_Summer_Olympics,Q1784,Q841530,Q146717
https://en.wikipedia.org/wiki/Athletics_at_the_2012_Summer_Olympics_%E2%80%93_Men%27s_javelin_throw,gold,https://en.wikipedia.org/wiki/Keshorn_Walcott,https://en.wikipedia.org/wiki/Trinidad_and_Tobago_at_the_2012_Summer_Olympics,Q1787,Q1986718,Q140890
https://en.wikipedia.org/wiki/Athletics_at_the_2012_Summer_Olympics_%E2%80%93_Men%27s_javelin_throw,silver,https://en.wikipedia.org/wiki/Antti_Ruuskanen,https://en.wikipedia.org/wiki/Finland_at_the_2012_Summer_Olympics,Q609826,Q1986718,Q141996
https://en.wikipedia.org/wiki/Athletics_at_the_2012_Summer_Olympics_%E2%80%93_Men%27s_javelin_throw,bronze,https://en.wikipedia.org/wiki/V%C3%ADt%C4%9Bzslav_Vesel%C3%BD,https://en.wikipedia.org/wiki/Czech_Republic_at_the_2012_Summer_Olympics,Q968581,Q1986718,Q146543
https://en.wikipedia.org/wiki/Athletics_at_the_2012_Summer_Olympics_%E2%80%93_Men%27s_decathlon,gold,https://en.wikipedia.org/wiki/Ashton_Eaton,https://en.wikipedia.org/wiki/United_States_at_the_2012_Summer_Olympics,Q1789,Q1988118,Q139623
https://en.wikipedia.org/wiki/Athletics_at_the_2012_Summer_Olympics_%E2%80%93_Men%27s_decathlon,silver,https://en.wikipedia.org/wiki/Trey_Hardee,https://en.wikipedia.org/wiki/United_States_at_the_2012_Summer_Olympics,Q1793,Q1988118,Q139623
https://en.wikipedia.org/wiki/Athletics_at_the_2012_Summer_Olympics_%E2%80%93_Men%27s_decathlon,bronze,https://en.wikipedia.org/wiki/Leonel_Su%C3%A1rez,https://en.wikipedia.org/wiki/Cuba_at_the_2012_Summer_Olympics,Q1796,Q1988118,Q141479
https://en.wikipedia.org/wiki/Athletics_at_the_2012_Summer_Olympics_%E2%80%93_Women%27s_100_metres,gold,https://en.wikipedia.org/wiki/Shelly-Ann_Fraser-Pryce,https://en.wikipedia.org/wiki/Jamaica_at_the_2012_Summer_Olympics,Q5793,Q1772017,Q142027
https://en.wikipedia.org/wiki/Athletics_at_the_2012_Summer_Olympics_%E2%80%93_Women%27s_100_metres,silver,https://en.wikipedia.org/wiki/Carmelita_Jeter,https://en.wikipedia.org/wiki/United_States_at_the_2012_Summer_Olympics,Q5795,Q1772017,Q139623
https://en.wikipedia.org/wiki/Athletics_at_the_2012_Summer_Olympics_%E2%80%93_Women%27s_100_metres,bronze,https://en.wikipedia.org/wiki/Veronica_Campbell-Brown,https://en.wikipedia.org/wiki/Jamaica_at_the_2012_Summer_Olympics,Q5796,Q1772017,Q142027
https://en.wikipedia.org/wiki/Athletics_at_the_2012_Summer_Olympics_%E2%80%93_Women%27s_200_metres,gold,https://en.wikipedia.org/wiki/Allyson_Felix,https://en.wikipedia.org/wiki/United_States_at_the_2012_Summer_Olympics,Q5799,Q1798867,Q139623
https://en.wikipedia.org/wiki/Athletics_at_the_2012_Summer_Olympics_%E2%80%93_Women%27s_200_metres,silver,https://en.wikipedia.org/wiki/Shelly-Ann_Fraser-Pryce,https://en.wikipedia.org/wiki/Jamaica_at_the_2012_Summer_Olympics,Q5793,Q1798867,Q142027
https://en.wikipedia.org/wiki/Athletics_at_the_2012_Summer_Olympics_%E2%80%93_Women%27s_200_metres,bronze,https://en.wikipedia.org/wiki/Carmelita_Jeter,https://en.wikipedia.org/wiki/United_States_at_the_2012_Summer_Olympics,Q5795,Q1798867,Q139623
https://en.wikipedia.org/wiki/Athletics_at_the_2012_Summer_Olympics_%E2%80%93_Women%27s_400_metres,gold,https://en.wikipedia.org/wiki/Sanya_Richards-Ross,https://en.wikipedia.org/wiki/United_States_at_the_2012_Summer_Olympics,Q5803,Q1798882,Q139623
https://en.wikipedia.org/wiki/Athletics_at_the_2012_Summer_Olympics_%E2%80%93_Women%27s_400_metres,silver,https://en.wikipedia.org/wiki/Christine_Ohuruogu,https://en.wikipedia.org/wiki/Great_Britain_at_the_2012_Summer_Olympics,Q5805,Q1798882,Q139606
https://en.wikipedia.org/wiki/Athletics_at_the_2012_Summer_Olympics_%E2%80%93_Women%27s_400_metres,bronze,https://en.wikipedia.org/wiki/DeeDee_Trotter,https://en.wikipedia.org/wiki/United_States_at_the_2012_Summer_Olympics,Q5807,Q1798882,Q139623
https://en.wikipedia.org/wiki/Athletics_at_the_2012_Summer_Olympics_%E2%80%93_Women%27s_800_metres,gold,https://en.wikipedia.org/wiki/Caster_Semenya,https://en.wikipedia.org/wiki/South_Africa_at_the_2012_Summer_Olympics,Q5834,Q2071135,Q140522
https://en.wikipedia.org/wiki/Athletics_at_the_2012_Summer_Olympics_%E2%80%93_Women%27s_800_metres,silver,https://en.wikipedia.org/wiki/Ekaterina_Poistogova,https://en.wikipedia.org/wiki/Russia_at_the_2012_Summer_Olympics,Q274434,Q2071135,Q139685
https://en.wikipedia.org/wiki/Athletics_at_the_2012_Summer_Olympics_%E2%80%93_Women%27s_800_metres,bronze,https://en.wikipedia.org/wiki/Pamela_Jelimo,https://en.wikipedia.org/wiki/Kenya_at_the_2012_Summer_Olympics,Q270684,Q2071135,Q140514
https://en.wikipedia.org/wiki/Athletics_at_the_2012_Summer_Olympics_%E2%80%93_Women%27s_1500_metres,gold,https://en.wikipedia.org/wiki/Maryam_Yusuf_Jamal,https://en.wikipedia.org/wiki/Bahrain_at_the_2012_Summer_Olympics,Q5865,Q2071129,Q140436
https://en.wikipedia.org/wiki/Athletics_at_the_2012_Summer_Olympics_%E2%80%93_Women%27s_1500_metres,silver,https://en.wikipedia.org/wiki/Tatyana_Tomashova,https://en.wikipedia.org/wiki/Russia_at_the_2012_Summer_Olympics,Q254423,Q2071129,Q139685
https://en.wikipedia.org/wiki/Athletics_at_the_2012_Summer_Olympics_%E2%80%93_Women%27s_1500_metres,bronze,https://en.wikipedia.org/wiki/Abeba_Aregawi,https://en.wikipedia.org/wiki/Ethiopia_at_the_2012_Summer_Olympics,Q687586,Q2071129,Q141316
https://en.wikipedia.org/wiki/Athletics_at_the_2012_Summer_Olympics_%E2%80%93_Women%27s_5000_metres,gold,https://en.wikipedia.org/wiki/Meseret_Defar,https://en.wikipedia.org/wiki/Ethiopia_at_the_2012_Summer_Olympics,Q5877,Q2090641,Q141316
https://en.wikipedia.org/wiki/Athletics_at_the_2012_Summer_Olympics_%E2%80%93_Women%27s_5000_metres,silver,https://en.wikipedia.org/wiki/Vivian_Cheruiyot,https://en.wikipedia.org/wiki/Kenya_at_the_2012_Summer_Olympics,Q5998,Q2090641,Q140514
https://en.wikipedia.org/wiki/Athletics_at_the_2012_Summer_Olympics_%E2%80%93_Women%27s_5000_metres,bronze,https://en.wikipedia.org/wiki/Tirunesh_Dibaba,https://en.wikipedia.org/wiki/Ethiopia_at_the_2012_Summer_Olympics,Q6003,Q2090641,Q141316
"https://en.wikipedia.org/wiki/Athletics_at_the_2012_Summer_Olympics_%E2%80%93_Women%27s_10,000_metres",gold,https://en.wikipedia.org/wiki/Tirunesh_Dibaba_Kenene,https://en.wikipedia.org/wiki/Ethiopia_at_the_2012_Summer_Olympics,Q6003,Q1799275,Q141316
"https://en.wikipedia.org/wiki/Athletics_at_the_2012_Summer_Olympics_%E2%80%93_Women%27s_10,000_metres",silver,https://en.wikipedia.org/wiki/Sally_Kipyego,https://en.wikipedia.org/wiki/Kenya_at_the_2012_Summer_Olympics,Q6008,Q1799275,Q140514
"https://en.wikipedia.org/wiki/Athletics_at_the_2012_Summer_Olympics_%E2%80%93_Women%27s_10,000_metres",bronze,https://en.wikipedia.org/wiki/Vivian_Cheruiyot,https://en.wikipedia.org/wiki/Kenya_at_the_2012_Summer_Olympics,Q5998,Q1799275,Q140514
https://en.wikipedia.org/wiki/Athletics_at_the_2012_Summer_Olympics_%E2%80%93_Women%27s_100_metres_hurdles,gold,https://en.wikipedia.org/wiki/Sally_Pearson,https://en.wikipedia.org/wiki/Australia_at_the_2012_Summer_Olympics,Q6026,Q1827915,Q140455
https://en.wikipedia.org/wiki/Athletics_at_the_2012_Summer_Olympics_%E2%80%93_Women%27s_100_metres_hurdles,silver,https://en.wikipedia.org/wiki/Dawn_Harper-Nelson,https://en.wikipedia.org/wiki/United_States_at_the_2012_Summer_Olympics,Q6030,Q1827915,Q139623
https://en.wikipedia.org/wiki/Athletics_at_the_2012_Summer_Olympics_%E2%80%93_Women%27s_100_metres_hurdles,bronze,https://en.wikipedia.org/wiki/Kellie_Wells_(athlete),https://en.wikipedia.org/wiki/United_States_at_the_2012_Summer_Olympics,Q6033,Q1827915,Q139623
https://en.wikipedia.org/wiki/Athletics_at_the_2012_Summer_Olympics_%E2%80%93_Women%27s_400_metres_hurdles,gold,https://en.wikipedia.org/wiki/Lashinda_Demus,https://en.wikipedia.org/wiki/United_States_at_the_2012_Summer_Olympics,Q6086,Q1799157,Q139623
https://en.wikipedia.org/wiki/Athletics_at_the_2012_Summer_Olympics_%E2%80%93_Women%27s_400_metres_hurdles,silver,https://en.wikipedia.org/wiki/Zuzana_Hejnov%C3%A1,https://en.wikipedia.org/wiki/Czech_Republic_at_the_2012_Summer_Olympics,Q231201,Q1799157,Q146543
https://en.wikipedia.org/wiki/Athletics_at_the_2012_Summer_Olympics_%E2%80%93_Women%27s_400_metres_hurdles,bronze,https://en.wikipedia.org/wiki/Kaliese_Spencer,https://en.wikipedia.org/wiki/Jamaica_at_the_2012_Summer_Olympics,Q290756,Q1799157,Q142027
https://en.wikipedia.org/wiki/Athletics_at_the_2012_Summer_Olympics_%E2%80%93_Women%27s_3000_metres_steeplechase,gold,https://en.wikipedia.org/wiki/Habiba_Ghribi,https://en.wikipedia.org/wiki/Tunisia_at_the_2012_Summer_Olympics,Q257993,Q2001009,Q141686
https://en.wikipedia.org/wiki/Athletics_at_the_2012_Summer_Olympics_%E2%80%93_Women%27s_3000_metres_steeplechase,silver,https://en.wikipedia.org/wiki/Sofia_Assefa,https://en.wikipedia.org/wiki/Ethiopia_at_the_2012_Summer_Olympics,Q6021,Q2001009,Q141316
https://en.wikipedia.org/wiki/Athletics_at_the_2012_Summer_Olympics_%E2%80%93_Women%27s_3000_metres_steeplechase,bronze,https://en.wikipedia.org/wiki/Milcah_Chemos_Cheywa,https://en.wikipedia.org/wiki/Kenya_at_the_2012_Summer_Olympics,Q117239,Q2001009,Q140514
https://en.wikipedia.org/wiki/Athletics_at_the_2012_Summer_Olympics_%E2%80%93_Women%27s_4_%C3%97_100_metres_relay,gold,https://en.wikipedia.org/wiki/Tianna_Bartoletta,https://en.wikipedia.org/wiki/United_States_at_the_2012_Summer_Olympics,Q256571,Q1144210,Q139623
https://en.wikipedia.org/wiki/Athletics_at_the_2012_Summer_Olympics_%E2%80%93_Women%27s_4_%C3%97_100_metres_relay,gold,https://en.wikipedia.org/wiki/Allyson_Felix,https://en.wikipedia.org/wiki/United_States_at_the_2012_Summer_Olympics,Q5799,Q1144210,Q139623
https://en.wikipedia.org/wiki/Athletics_at_the_2012_Summer_Olympics_%E2%80%93_Women%27s_4_%C3%97_100_metres_relay,gold,https://en.wikipedia.org/wiki/Bianca_Knight,https://en.wikipedia.org/wiki/United_States_at_the_2012_Summer_Olympics,Q263074,Q1144210,Q139623
https://en.wikipedia.org/wiki/Athletics_at_the_2012_Summer_Olympics_%E2%80%93_Women%27s_4_%C3%97_100_metres_relay,gold,https://en.wikipedia.org/wiki/Carmelita_Jeter,https://en.wikipedia.org/wiki/United_States_at_the_2012_Summer_Olympics,Q5795,Q1144210,Q139623
https://en.wikipedia.org/wiki/Athletics_at_the_2012_Summer_Olympics_%E2%80%93_Women%27s_4_%C3%97_100_metres_relay,gold,https://en.wikipedia.org/wiki/Jeneba_Tarmoh,https://en.wikipedia.org/wiki/United_States_at_the_2012_Summer_Olympics,Q954413,Q1144210,Q139623
https://en.wikipedia.org/wiki/Athletics_at_the_2012_Summer_Olympics_%E2%80%93_Women%27s_4_%C3%97_100_metres_relay,gold,https://en.wikipedia.org/wiki/Lauryn_Williams,https://en.wikipedia.org/wiki/United_States_at_the_2012_Summer_Olympics,Q235012,Q1144210,Q139623
https://en.wikipedia.org/wiki/Athletics_at_the_2012_Summer_Olympics_%E2%80%93_Women%27s_4_%C3%97_100_metres_relay,silver,https://en.wikipedia.org/wiki/Shelly-Ann_Fraser-Pryce,https://en.wikipedia.org/wiki/Jamaica_at_the_2012_Summer_Olympics,Q5793,Q1144210,Q142027
https://en.wikipedia.org/wiki/Athletics_at_the_2012_Summer_Olympics_%E2%80%93_Women%27s_4_%C3%97_100_metres_relay,silver,https://en.wikipedia.org/wiki/Sherone_Simpson,https://en.wikipedia.org/wiki/Jamaica_at_the_2012_Summer_Olympics,Q239085,Q1144210,Q142027
https://en.wikipedia.org/wiki/Athletics_at_the_2012_Summer_Olympics_%E2%80%93_Women%27s_4_%C3%97_100_metres_relay,silver,https://en.wikipedia.org/wiki/Veronica_Campbell-Brown,https://en.wikipedia.org/wiki/Jamaica_at_the_2012_Summer_Olympics,Q5796,Q1144210,Q142027
https://en.wikipedia.org/wiki/Athletics_at_the_2012_Summer_Olympics_%E2%80%93_Women%27s_4_%C3%97_100_metres_relay,silver,https://en.wikipedia.org/wiki/Kerron_Stewart,https://en.wikipedia.org/wiki/Jamaica_at_the_2012_Summer_Olympics,Q239139,Q1144210,Q142027
https://en.wikipedia.org/wiki/Athletics_at_the_2012_Summer_Olympics_%E2%80%93_Women%27s_4_%C3%97_100_metres_relay,silver,https://en.wikipedia.org/wiki/Samantha_Henry-Robinson,https://en.wikipedia.org/wiki/Jamaica_at_the_2012_Summer_Olympics,Q2700578,Q1144210,Q142027
https://en.wikipedia.org/wiki/Athletics_at_the_2012_Summer_Olympics_%E2%80%93_Women%27s_4_%C3%97_100_metres_relay,silver,https://en.wikipedia.org/wiki/Schillonie_Calvert,https://en.wikipedia.org/wiki/Jamaica_at_the_2012_Summer_Olympics,Q438471,Q1144210,Q142027
https://en.wikipedia.org/wiki/Athletics_at_the_2012_Summer_Olympics_%E2%80%93_Women%27s_4_%C3%97_100_metres_relay,bronze,https://en.wikipedia.org/wiki/Olesya_Povh,https://en.wikipedia.org/wiki/Ukraine_at_the_2012_Summer_Olympics,Q238806,Q1144210,Q140875
https://en.wikipedia.org/wiki/Athletics_at_the_2012_Summer_Olympics_%E2%80%93_Women%27s_4_%C3%97_100_metres_relay,bronze,https://en.wikipedia.org/wiki/Khrystyna_Stuy,https://en.wikipedia.org/wiki/Ukraine_at_the_2012_Summer_Olympics,Q269738,Q1144210,Q140875
https://en.wikipedia.org/wiki/Athletics_at_the_2012_Summer_Olympics_%E2%80%93_Women%27s_4_%C3%97_100_metres_relay,bronze,https://en.wikipedia.org/wiki/Mariya_Ryemyen,https://en.wikipedia.org/wiki/Ukraine_at_the_2012_Summer_Olympics,Q242445,Q1144210,Q140875
https://en.wikipedia.org/wiki/Athletics_at_the_2012_Summer_Olympics_%E2%80%93_Women%27s_4_%C3%97_100_metres_relay,bronze,https://en.wikipedia.org/wiki/Yelyzaveta_Bryzhina,https://en.wikipedia.org/wiki/Ukraine_at_the_2012_Summer_Olympics,Q257636,Q1144210,Q140875
https://en.wikipedia.org/wiki/Athletics_at_the_2012_Summer_Olympics_%E2%80%93_Women%27s_4_%C3%97_400_metres_relay,gold,https://en.wikipedia.org/wiki/DeeDee_Trotter,https://en.wikipedia.org/wiki/United_States_at_the_2012_Summer_Olympics,Q5807,Q2070017,Q139623
https://en.wikipedia.org/wiki/Athletics_at_the_2012_Summer_Olympics_%E2%80%93_Women%27s_4_%C3%97_400_metres_relay,gold,https://en.wikipedia.org/wiki/Allyson_Felix,https://en.wikipedia.org/wiki/United_States_at_the_2012_Summer_Olympics,Q5799,Q2070017,Q139623
https://en.wikipedia.org/wiki/Athletics_at_the_2012_Summer_Olympics_%E2%80%93_Women%27s_4_%C3%97_400_metres_relay,gold,https://en.wikipedia.org/wiki/Francena_McCorory,https://en.wikipedia.org/wiki/United_States_at_the_2012_Summer_Olympics,Q258166,Q2070017,Q139623
https://en.wikipedia.org/wiki/Athletics_at_the_2012_Summer_Olympics_%E2%80%93_Women%27s_4_%C3%97_400_metres_relay,gold,https://en.wikipedia.org/wiki/Sanya_Richards-Ross,https://en.wikipedia.org/wiki/United_States_at_the_2012_Summer_Olympics,Q5803,Q2070017,Q139623
https://en.wikipedia.org/wiki/Athletics_at_the_2012_Summer_Olympics_%E2%80%93_Women%27s_4_%C3%97_400_metres_relay,gold,https://en.wikipedia.org/wiki/Keshia_Baker,https://en.wikipedia.org/wiki/United_States_at_the_2012_Summer_Olympics,Q144332,Q2070017,Q139623
https://en.wikipedia.org/wiki/Athletics_at_the_2012_Summer_Olympics_%E2%80%93_Women%27s_4_%C3%97_400_metres_relay,gold,https://en.wikipedia.org/wiki/Diamond_Dixon,https://en.wikipedia.org/wiki/United_States_at_the_2012_Summer_Olympics,Q2404908,Q2070017,Q139623
https://en.wikipedia.org/wiki/Athletics_at_the_2012_Summer_Olympics_%E2%80%93_Women%27s_4_%C3%97_400_metres_relay,silver,https://en.wikipedia.org/wiki/Christine_Day,https://en.wikipedia.org/wiki/Jamaica_at_the_2012_Summer_Olympics,Q274413,Q2070017,Q142027
https://en.wikipedia.org/wiki/Athletics_at_the_2012_Summer_Olympics_%E2%80%93_Women%27s_4_%C3%97_400_metres_relay,silver,https://en.wikipedia.org/wiki/Rosemarie_Whyte,https://en.wikipedia.org/wiki/Jamaica_at_the_2012_Summer_Olympics,Q238282,Q2070017,Q142027
https://en.wikipedia.org/wiki/Athletics_at_the_2012_Summer_Olympics_%E2%80%93_Women%27s_4_%C3%97_400_metres_relay,silver,https://en.wikipedia.org/wiki/Shericka_Williams,https://en.wikipedia.org/wiki/Jamaica_at_the_2012_Summer_Olympics,Q236750,Q2070017,Q142027
https://en.wikipedia.org/wiki/Athletics_at_the_2012_Summer_Olympics_%E2%80%93_Women%27s_4_%C3%97_400_metres_relay,silver,https://en.wikipedia.org/wiki/Novlene_Williams-Mills,https://en.wikipedia.org/wiki/Jamaica_at_the_2012_Summer_Olympics,Q236743,Q2070017,Q142027
https://en.wikipedia.org/wiki/Athletics_at_the_2012_Summer_Olympics_%E2%80%93_Women%27s_4_%C3%97_400_metres_relay,silver,https://en.wikipedia.org/wiki/Shereefa_Lloyd,https://en.wikipedia.org/wiki/Jamaica_at_the_2012_Summer_Olympics,Q240839,Q2070017,Q142027
https://en.wikipedia.org/wiki/Athletics_at_the_2012_Summer_Olympics_%E2%80%93_Women%27s_4_%C3%97_400_metres_relay,bronze,https://en.wikipedia.org/wiki/Alina_Lohvynenko,https://en.wikipedia.org/wiki/Ukraine_at_the_2012_Summer_Olympics,Q2837012,Q2070017,Q140875
https://en.wikipedia.org/wiki/Athletics_at_the_2012_Summer_Olympics_%E2%80%93_Women%27s_4_%C3%97_400_metres_relay,bronze,https://en.wikipedia.org/wiki/Olha_Zemlyak,https://en.wikipedia.org/wiki/Ukraine_at_the_2012_Summer_Olympics,Q798204,Q2070017,Q140875
https://en.wikipedia.org/wiki/Athletics_at_the_2012_Summer_Olympics_%E2%80%93_Women%27s_4_%C3%97_400_metres_relay,bronze,https://en.wikipedia.org/wiki/Hanna_Yaroshchuk,https://en.wikipedia.org/wiki/Ukraine_at_the_2012_Summer_Olympics,Q452582,Q2070017,Q140875
https://en.wikipedia.org/wiki/Athletics_at_the_2012_Summer_Olympics_%E2%80%93_Women%27s_4_%C3%97_400_metres_relay,bronze,https://en.wikipedia.org/wiki/Nataliya_Pyhyda,https://en.wikipedia.org/wiki/Ukraine_at_the_2012_Summer_Olympics,Q2842817,Q2070017,Q140875
https://en.wikipedia.org/wiki/Athletics_at_the_2012_Summer_Olympics_%E2%80%93_Women%27s_marathon,gold,https://en.wikipedia.org/wiki/Tiki_Gelana,https://en.wikipedia.org/wiki/Ethiopia_at_the_2012_Summer_Olympics,Q6260,Q2000988,Q141316
https://en.wikipedia.org/wiki/Athletics_at_the_2012_Summer_Olympics_%E2%80%93_Women%27s_marathon,silver,https://en.wikipedia.org/wiki/Priscah_Jeptoo,https://en.wikipedia.org/wiki/Kenya_at_the_2012_Summer_Olympics,Q6270,Q2000988,Q140514
https://en.wikipedia.org/wiki/Athletics_at_the_2012_Summer_Olympics_%E2%80%93_Women%27s_marathon,bronze,https://en.wikipedia.org/wiki/Tatyana_Petrova_Arkhipova,https://en.wikipedia.org/wiki/Russia_at_the_2012_Summer_Olympics,Q45714,Q2000988,Q139685
https://en.wikipedia.org/wiki/Athletics_at_the_2012_Summer_Olympics_%E2%80%93_Women%27s_20_kilometres_walk,gold,https://en.wikipedia.org/wiki/Qieyang_Shenjie,https://en.wikipedia.org/wiki/China_at_the_2012_Summer_Olympics,Q336995,Q956242,Q139669
https://en.wikipedia.org/wiki/Athletics_at_the_2012_Summer_Olympics_%E2%80%93_Women%27s_20_kilometres_walk,silver,https://en.wikipedia.org/wiki/Liu_Hong_(racewalker),https://en.wikipedia.org/wiki/China_at_the_2012_Summer_Olympics,Q290973,Q956242,Q139669
https://en.wikipedia.org/wiki/Athletics_at_the_2012_Summer_Olympics_%E2%80%93_Women%27s_20_kilometres_walk,bronze,https://en.wikipedia.org/wiki/L%C3%BC_Xiuzhi,https://en.wikipedia.org/wiki/China_at_the_2012_Summer_Olympics,Q6694921,Q956242,Q139669
https://en.wikipedia.org/wiki/Athletics_at_the_2012_Summer_Olympics_%E2%80%93_Women%27s_high_jump,gold,https://en.wikipedia.org/wiki/Anna_Chicherova,https://en.wikipedia.org/wiki/Russia_at_the_2012_Summer_Olympics,Q6300,Q2070547,Q139685
https://en.wikipedia.org/wiki/Athletics_at_the_2012_Summer_Olympics_%E2%80%93_Women%27s_high_jump,silver,https://en.wikipedia.org/wiki/Brigetta_Barrett,https://en.wikipedia.org/wiki/United_States_at_the_2012_Summer_Olympics,Q6304,Q2070547,Q139623
https://en.wikipedia.org/wiki/Athletics_at_the_2012_Summer_Olympics_%E2%80%93_Women%27s_high_jump,bronze,https://en.wikipedia.org/wiki/Ruth_Beitia,https://en.wikipedia.org/wiki/Spain_at_the_2012_Summer_Olympics,Q283361,Q2070547,Q146792
https://en.wikipedia.org/wiki/Athletics_at_the_2012_Summer_Olympics_%E2%80%93_Women%27s_pole_vault,gold,https://en.wikipedia.org/wiki/Jenn_Suhr,https://en.wikipedia.org/wiki/United_States_at_the_2012_Summer_Olympics,Q6310,Q1798873,Q139623
https://en.wikipedia.org/wiki/Athletics_at_the_2012_Summer_Olympics_%E2%80%93_Women%27s_pole_vault,silver,https://en.wikipedia.org/wiki/Yarisley_Silva,https://en.wikipedia.org/wiki/Cuba_at_the_2012_Summer_Olympics,Q6312,Q1798873,Q141479
https://en.wikipedia.org/wiki/Athletics_at_the_2012_Summer_Olympics_%E2%80%93_Women%27s_pole_vault,bronze,https://en.wikipedia.org/wiki/Yelena_Isinbayeva,https://en.wikipedia.org/wiki/Russia_at_the_2012_Summer_Olympics,Q6319,Q1798873,Q139685
https://en.wikipedia.org/wiki/Athletics_at_the_2012_Summer_Olympics_%E2%80%93_Women%27s_long_jump,gold,https://en.wikipedia.org/wiki/Brittney_Reese,https://en.wikipedia.org/wiki/United_States_at_the_2012_Summer_Olympics,Q6324,Q645932,Q139623
https://en.wikipedia.org/wiki/Athletics_at_the_2012_Summer_Olympics_%E2%80%93_Women%27s_long_jump,silver,https://en.wikipedia.org/wiki/Yelena_Sokolova_(long_jumper),https://en.wikipedia.org/wiki/Russia_at_the_2012_Summer_Olympics,Q269719,Q645932,Q139685
https://en.wikipedia.org/wiki/Athletics_at_the_2012_Summer_Olympics_%E2%80%93_Women%27s_long_jump,bronze,https://en.wikipedia.org/wiki/Janay_DeLoach_Soukup,https://en.wikipedia.org/wiki/United_States_at_the_2012_Summer_Olympics,Q6332,Q645932,Q139623
https://en.wikipedia.org/wiki/Athletics_at_the_2012_Summer_Olympics_%E2%80%93_Women%27s_triple_jump,gold,https://en.wikipedia.org/wiki/Olga_Rypakova,https://en.wikipedia.org/wiki/Kazakhstan_at_the_2012_Summer_Olympics,Q6338,Q733756,Q139795
https://en.wikipedia.org/wiki/Athletics_at_the_2012_Summer_Olympics_%E2%80%93_Women%27s_triple_jump,silver,https://en.wikipedia.org/wiki/Caterine_Ibarg%C3%BCen,https://en.wikipedia.org/wiki/Colombia_at_the_2012_Summer_Olympics,Q6348,Q733756,Q140425
https://en.wikipedia.org/wiki/Athletics_at_the_2012_Summer_Olympics_%E2%80%93_Women%27s_triple_jump,bronze,https://en.wikipedia.org/wiki/Olha_Saladukha,https://en.wikipedia.org/wiki/Ukraine_at_the_2012_Summer_Olympics,Q6351,Q733756,Q140875
https://en.wikipedia.org/wiki/Athletics_at_the_2012_Summer_Olympics_%E2%80%93_Women%27s_shot_put,gold,https://en.wikipedia.org/wiki/Valerie_Adams,https://en.wikipedia.org/wiki/New_Zealand_at_the_2012_Summer_Olympics,Q6357,Q1799251,Q140471
https://en.wikipedia.org/wiki/Athletics_at_the_2012_Summer_Olympics_%E2%80%93_Women%27s_shot_put,silver,https://en.wikipedia.org/wiki/Gong_Lijiao,https://en.wikipedia.org/wiki/China_at_the_2012_Summer_Olympics,Q6370,Q1799251,Q139669
https://en.wikipedia.org/wiki/Athletics_at_the_2012_Summer_Olympics_%E2%80%93_Women%27s_shot_put,bronze,https://en.wikipedia.org/wiki/Li_Ling_(shot_putter),https://en.wikipedia.org/wiki/China_at_the_2012_Summer_Olympics,Q443314,Q1799251,Q139669
https://en.wikipedia.org/wiki/Athletics_at_the_2012_Summer_Olympics_%E2%80%93_Women%27s_discus_throw,gold,https://en.wikipedia.org/wiki/Sandra_Perkovi%C4%87,https://en.wikipedia.org/wiki/Croatia_at_the_2012_Summer_Olympics,Q6379,Q1771958,Q147232
https://en.wikipedia.org/wiki/Athletics_at_the_2012_Summer_Olympics_%E2%80%93_Women%27s_discus_throw,silver,https://en.wikipedia.org/wiki/Li_Yanfeng,https://en.wikipedia.org/wiki/China_at_the_2012_Summer_Olympics,Q6391,Q1771958,Q139669
https://en.wikipedia.org/wiki/Athletics_at_the_2012_Summer_Olympics_%E2%80%93_Women%27s_discus_throw,bronze,https://en.wikipedia.org/wiki/Yarelys_Barrios,https://en.wikipedia.org/wiki/Cuba_at_the_2012_Summer_Olympics,Q238695,Q1771958,Q141479
https://en.wikipedia.org/wiki/Athletics_at_the_2012_Summer_Olympics_%E2%80%93_Women%27s_hammer_throw,gold,https://en.wikipedia.org/wiki/Anita_W%C5%82odarczyk,https://en.wikipedia.org/wiki/Poland_at_the_2012_Summer_Olympics,Q6399,Q2069991,Q141014
https://en.wikipedia.org/wiki/Athletics_at_the_2012_Summer_Olympics_%E2%80%93_Women%27s_hammer_throw,silver,https://en.wikipedia.org/wiki/Betty_Heidler,https://en.wikipedia.org/wiki/Germany_at_the_2012_Summer_Olympics,Q6404,Q2069991,Q140287
https://en.wikipedia.org/wiki/Athletics_at_the_2012_Summer_Olympics_%E2%80%93_Women%27s_hammer_throw,bronze,https://en.wikipedia.org/wiki/Zhang_Wenxiu,https://en.wikipedia.org/wiki/China_at_the_2012_Summer_Olympics,Q197299,Q2069991,Q139669
https://en.wikipedia.org/wiki/Athletics_at_the_2012_Summer_Olympics_%E2%80%93_Women%27s_javelin_throw,gold,https://en.wikipedia.org/wiki/Barbora_%C5%A0pot%C3%A1kov%C3%A1,https://en.wikipedia.org/wiki/Czech_Republic_at_the_2012_Summer_Olympics,Q6419,Q2000939,Q146543
https://en.wikipedia.org/wiki/Athletics_at_the_2012_Summer_Olympics_%E2%80%93_Women%27s_javelin_throw,silver,https://en.wikipedia.org/wiki/Christina_Obergf%C3%B6ll,https://en.wikipedia.org/wiki/Germany_at_the_2012_Summer_Olympics,Q6427,Q2000939,Q140287
https://en.wikipedia.org/wiki/Athletics_at_the_2012_Summer_Olympics_%E2%80%93_Women%27s_javelin_throw,bronze,https://en.wikipedia.org/wiki/Linda_Stahl,https://en.wikipedia.org/wiki/Germany_at_the_2012_Summer_Olympics,Q6432,Q2000939,Q140287
https://en.wikipedia.org/wiki/Athletics_at_the_2012_Summer_Olympics_%E2%80%93_Women%27s_heptathlon,gold,https://en.wikipedia.org/wiki/Jessica_Ennis-Hill,https://en.wikipedia.org/wiki/Great_Britain_at_the_2012_Summer_Olympics,Q6091,Q843436,Q139606
https://en.wikipedia.org/wiki/Athletics_at_the_2012_Summer_Olympics_%E2%80%93_Women%27s_heptathlon,silver,https://en.wikipedia.org/wiki/Lilli_Schwarzkopf,https://en.wikipedia.org/wiki/Germany_at_the_2012_Summer_Olympics,Q63133,Q843436,Q140287
https://en.wikipedia.org/wiki/Athletics_at_the_2012_Summer_Olympics_%E2%80%93_Women%27s_heptathlon,bronze,https://en.wikipedia.org/wiki/Austra_Skujyt%C4%97,https://en.wikipedia.org/wiki/Lithuania_at_the_2012_Summer_Olympics,Q242117,Q843436,Q139973
https://en.wikipedia.org/wiki/Zou_Shiming,bronze,https://en.wikipedia.org/wiki/David_Ayrapetyan,https://en.wikipedia.org/wiki/Russia_at_the_2012_Summer_Olympics,Q725406,Q198011,Q139685
https://en.wikipedia.org/wiki/China_at_the_2012_Summer_Olympics,bronze,https://en.wikipedia.org/wiki/David_Ayrapetyan,https://en.wikipedia.org/wiki/Russia_at_the_2012_Summer_Olympics,Q725406,Q139669,Q139685
https://en.wikipedia.org/wiki/Robeisy_Ram%C3%ADrez,bronze,https://en.wikipedia.org/wiki/Michael_Conlan_(boxer),https://en.wikipedia.org/wiki/Ireland_at_the_2012_Summer_Olympics,Q932285,Q933494,Q135345
https://en.wikipedia.org/wiki/Cuba_at_the_2012_Summer_Olympics,bronze,https://en.wikipedia.org/wiki/Michael_Conlan_(boxer),https://en.wikipedia.org/wiki/Ireland_at_the_2012_Summer_Olympics,Q932285,Q141479,Q135345
https://en.wikipedia.org/wiki/Luke_Campbell_(boxer),bronze,https://en.wikipedia.org/wiki/Satoshi_Shimizu,https://en.wikipedia.org/wiki/Japan_at_the_2012_Summer_Olympics,Q388737,Q957135,Q146717
https://en.wikipedia.org/wiki/Great_Britain_at_the_2012_Summer_Olympics,bronze,https://en.wikipedia.org/wiki/Satoshi_Shimizu,https://en.wikipedia.org/wiki/Japan_at_the_2012_Summer_Olympics,Q388737,Q139606,Q146717
https://en.wikipedia.org/wiki/Vasyl_Lomachenko,bronze,https://en.wikipedia.org/wiki/Yasniel_Toledo,https://en.wikipedia.org/wiki/Cuba_at_the_2012_Summer_Olympics,Q2740335,Q1402369,Q141479
https://en.wikipedia.org/wiki/Ukraine_at_the_2012_Summer_Olympics,bronze,https://en.wikipedia.org/wiki/Yasniel_Toledo,https://en.wikipedia.org/wiki/Cuba_at_the_2012_Summer_Olympics,Q2740335,Q140875,Q141479
https://en.wikipedia.org/wiki/Roniel_Iglesias,bronze,https://en.wikipedia.org/wiki/Uranchimegiin_M%C3%B6nkh-Erdene,https://en.wikipedia.org/wiki/Mongolia_at_the_2012_Summer_Olympics,Q138676,Q717601,Q147412
https://en.wikipedia.org/wiki/Cuba_at_the_2012_Summer_Olympics,bronze,https://en.wikipedia.org/wiki/Uranchimegiin_M%C3%B6nkh-Erdene,https://en.wikipedia.org/wiki/Mongolia_at_the_2012_Summer_Olympics,Q138676,Q141479,Q147412
https://en.wikipedia.org/wiki/Serik_Sapiyev,bronze,https://en.wikipedia.org/wiki/Andrey_Zamkovoy,https://en.wikipedia.org/wiki/Russia_at_the_2012_Summer_Olympics,Q502691,Q612317,Q139685
https://en.wikipedia.org/wiki/Kazakhstan_at_the_2012_Summer_Olympics,bronze,https://en.wikipedia.org/wiki/Andrey_Zamkovoy,https://en.wikipedia.org/wiki/Russia_at_the_2012_Summer_Olympics,Q502691,Q139795,Q139685
https://en.wikipedia.org/wiki/Ry%C5%8Dta_Murata,bronze,https://en.wikipedia.org/wiki/Anthony_Ogogo,https://en.wikipedia.org/wiki/Great_Britain_at_the_2012_Summer_Olympics,Q573720,Q58309,Q139606
https://en.wikipedia.org/wiki/Japan_at_the_2012_Summer_Olympics,bronze,https://en.wikipedia.org/wiki/Anthony_Ogogo,https://en.wikipedia.org/wiki/Great_Britain_at_the_2012_Summer_Olympics,Q573720,Q146717,Q139606
https://en.wikipedia.org/wiki/Egor_Mekhontsev,bronze,https://en.wikipedia.org/wiki/Oleksandr_Hvozdyk,https://en.wikipedia.org/wiki/Ukraine_at_the_2012_Summer_Olympics,Q2019468,Q1367196,Q140875
https://en.wikipedia.org/wiki/Russia_at_the_2012_Summer_Olympics,bronze,https://en.wikipedia.org/wiki/Oleksandr_Hvozdyk,https://en.wikipedia.org/wiki/Ukraine_at_the_2012_Summer_Olympics,Q2019468,Q139685,Q140875
https://en.wikipedia.org/wiki/Oleksandr_Usyk,bronze,https://en.wikipedia.org/wiki/Tervel_Pulev,https://en.wikipedia.org/wiki/Bulgaria_at_the_2012_Summer_Olympics,Q240659,Q938027,Q147631
https://en.wikipedia.org/wiki/Ukraine_at_the_2012_Summer_Olympics,bronze,https://en.wikipedia.org/wiki/Tervel_Pulev,https://en.wikipedia.org/wiki/Bulgaria_at_the_2012_Summer_Olympics,Q240659,Q140875,Q147631
https://en.wikipedia.org/wiki/Anthony_Joshua,bronze,https://en.wikipedia.org/wiki/Ivan_Dychko,https://en.wikipedia.org/wiki/Kazakhstan_at_the_2012_Summer_Olympics,Q981058,Q573463,Q139795
https://en.wikipedia.org/wiki/Great_Britain_at_the_2012_Summer_Olympics,bronze,https://en.wikipedia.org/wiki/Ivan_Dychko,https://en.wikipedia.org/wiki/Kazakhstan_at_the_2012_Summer_Olympics,Q981058,Q139606,Q139795
https://en.wikipedia.org/wiki/Nicola_Adams,bronze,https://en.wikipedia.org/wiki/Mary_Kom,https://en.wikipedia.org/wiki/India_at_the_2012_Summer_Olympics,Q328951,Q441314,Q147198
https://en.wikipedia.org/wiki/Great_Britain_at_the_2012_Summer_Olympics,bronze,https://en.wikipedia.org/wiki/Mary_Kom,https://en.wikipedia.org/wiki/India_at_the_2012_Summer_Olympics,Q328951,Q139606,Q147198
https://en.wikipedia.org/wiki/Katie_Taylor,bronze,https://en.wikipedia.org/wiki/Mavzuna_Chorieva,https://en.wikipedia.org/wiki/Tajikistan_at_the_2012_Summer_Olympics,Q2107597,Q262699,Q147390
https://en.wikipedia.org/wiki/Ireland_at_the_2012_Summer_Olympics,bronze,https://en.wikipedia.org/wiki/Mavzuna_Chorieva,https://en.wikipedia.org/wiki/Tajikistan_at_the_2012_Summer_Olympics,Q2107597,Q135345,Q147390
https://en.wikipedia.org/wiki/Claressa_Shields,bronze,https://en.wikipedia.org/wiki/Marina_Volnova,https://en.wikipedia.org/wiki/Kazakhstan_at_the_2012_Summer_Olympics,Q2107667,Q452598,Q139795
https://en.wikipedia.org/wiki/United_States_at_the_2012_Summer_Olympics,bronze,https://en.wikipedia.org/wiki/Marina_Volnova,https://en.wikipedia.org/wiki/Kazakhstan_at_the_2012_Summer_Olympics,Q2107667,Q139623,Q139795
https://en.wikipedia.org/wiki/Chris_Hoy,bronze,https://en.wikipedia.org/wiki/Simon_van_Velthooven,https://en.wikipedia.org/wiki/New_Zealand_at_the_2012_Summer_Olympics,Q1359218,Q310383,Q140471
https://en.wikipedia.org/wiki/Great_Britain_at_the_2012_Summer_Olympics,bronze,https://en.wikipedia.org/wiki/Simon_van_Velthooven,https://en.wikipedia.org/wiki/New_Zealand_at_the_2012_Summer_Olympics,Q1359218,Q139606,Q140471
https://en.wikipedia.org/wiki/Arsen_Galstyan,bronze,https://en.wikipedia.org/wiki/Rishod_Sobirov,https://en.wikipedia.org/wiki/Uzbekistan_at_the_2012_Summer_Olympics,Q47525,Q60177,Q853837
https://en.wikipedia.org/wiki/Russia_at_the_2012_Summer_Olympics,bronze,https://en.wikipedia.org/wiki/Rishod_Sobirov,https://en.wikipedia.org/wiki/Uzbekistan_at_the_2012_Summer_Olympics,Q47525,Q139685,Q853837
https://en.wikipedia.org/wiki/Lasha_Shavdatuashvili,bronze,https://en.wikipedia.org/wiki/Cho_Jun-Ho_(judoka),https://en.wikipedia.org/wiki/South_Korea_at_the_2012_Summer_Olympics,Q488631,Q1764908,Q146689
https://en.wikipedia.org/wiki/Georgia_at_the_2012_Summer_Olympics,bronze,https://en.wikipedia.org/wiki/Cho_Jun-Ho_(judoka),https://en.wikipedia.org/wiki/South_Korea_at_the_2012_Summer_Olympics,Q488631,Q140166,Q146689
https://en.wikipedia.org/wiki/Mansur_Isaev,bronze,https://en.wikipedia.org/wiki/Ugo_Legrand,https://en.wikipedia.org/wiki/France_at_the_2012_Summer_Olympics,Q2107633,Q658462,Q139832
https://en.wikipedia.org/wiki/Russia_at_the_2012_Summer_Olympics,bronze,https://en.wikipedia.org/wiki/Ugo_Legrand,https://en.wikipedia.org/wiki/France_at_the_2012_Summer_Olympics,Q2107633,Q139685,Q139832
https://en.wikipedia.org/wiki/Kim_Jae-Bum,bronze,https://en.wikipedia.org/wiki/Antoine_Valois-Fortier,https://en.wikipedia.org/wiki/Canada_at_the_2012_Summer_Olympics,Q2352755,Q448133,Q140982
https://en.wikipedia.org/wiki/South_Korea_at_the_2012_Summer_Olympics,bronze,https://en.wikipedia.org/wiki/Antoine_Valois-Fortier,https://en.wikipedia.org/wiki/Canada_at_the_2012_Summer_Olympics,Q2352755,Q146689,Q140982
https://en.wikipedia.org/wiki/Song_Dae-Nam,bronze,https://en.wikipedia.org/wiki/Masashi_Nishiyama,https://en.wikipedia.org/wiki/Japan_at_the_2012_Summer_Olympics,Q613209,Q493875,Q146717
https://en.wikipedia.org/wiki/South_Korea_at_the_2012_Summer_Olympics,bronze,https://en.wikipedia.org/wiki/Masashi_Nishiyama,https://en.wikipedia.org/wiki/Japan_at_the_2012_Summer_Olympics,Q613209,Q146689,Q146717
https://en.wikipedia.org/wiki/Tagir_Khaybulaev,bronze,https://en.wikipedia.org/wiki/Henk_Grol,https://en.wikipedia.org/wiki/Netherlands_at_the_2012_Summer_Olympics,Q2127082,Q219169,Q140325
https://en.wikipedia.org/wiki/Russia_at_the_2012_Summer_Olympics,bronze,https://en.wikipedia.org/wiki/Henk_Grol,https://en.wikipedia.org/wiki/Netherlands_at_the_2012_Summer_Olympics,Q2127082,Q139685,Q140325
https://en.wikipedia.org/wiki/Teddy_Riner,bronze,https://en.wikipedia.org/wiki/Andreas_T%C3%B6lzer,https://en.wikipedia.org/wiki/Germany_at_the_2012_Summer_Olympics,Q62165,Q353514,Q140287
https://en.wikipedia.org/wiki/France_at_the_2012_Summer_Olympics,bronze,https://en.wikipedia.org/wiki/Andreas_T%C3%B6lzer,https://en.wikipedia.org/wiki/Germany_at_the_2012_Summer_Olympics,Q62165,Q139832,Q140287
https://en.wikipedia.org/wiki/Sarah_Menezes,bronze,https://en.wikipedia.org/wiki/Charline_Van_Snick,https://en.wikipedia.org/wiki/Belgium_at_the_2012_Summer_Olympics,Q125810,Q235978,Q150559
https://en.wikipedia.org/wiki/Brazil_at_the_2012_Summer_Olympics,bronze,https://en.wikipedia.org/wiki/Charline_Van_Snick,https://en.wikipedia.org/wiki/Belgium_at_the_2012_Summer_Olympics,Q125810,Q140422,Q150559
https://en.wikipedia.org/wiki/An_Kum-ae,bronze,https://en.wikipedia.org/wiki/Priscilla_Gneto,https://en.wikipedia.org/wiki/France_at_the_2012_Summer_Olympics,Q2372879,Q235961,Q139832
https://en.wikipedia.org/wiki/North_Korea_at_the_2012_Summer_Olympics,bronze,https://en.wikipedia.org/wiki/Priscilla_Gneto,https://en.wikipedia.org/wiki/France_at_the_2012_Summer_Olympics,Q2372879,Q141989,Q139832
https://en.wikipedia.org/wiki/Kaori_Matsumoto,bronze,https://en.wikipedia.org/wiki/Automne_Pavia,https://en.wikipedia.org/wiki/France_at_the_2012_Summer_Olympics,Q2371554,Q1241385,Q139832
https://en.wikipedia.org/wiki/Japan_at_the_2012_Summer_Olympics,bronze,https://en.wikipedia.org/wiki/Automne_Pavia,https://en.wikipedia.org/wiki/France_at_the_2012_Summer_Olympics,Q2371554,Q146717,Q139832
https://en.wikipedia.org/wiki/Ur%C5%A1ka_%C5%BDolnir,bronze,https://en.wikipedia.org/wiki/G%C3%A9vrise_%C3%89mane,https://en.wikipedia.org/wiki/France_at_the_2012_Summer_Olympics,Q2372184,Q1938947,Q139832
https://en.wikipedia.org/wiki/Slovenia_at_the_2012_Summer_Olympics,bronze,https://en.wikipedia.org/wiki/G%C3%A9vrise_%C3%89mane,https://en.wikipedia.org/wiki/France_at_the_2012_Summer_Olympics,Q2372184,Q146625,Q139832
https://en.wikipedia.org/wiki/Lucie_D%C3%A9cosse,bronze,https://en.wikipedia.org/wiki/Edith_Bosch,https://en.wikipedia.org/wiki/Netherlands_at_the_2012_Summer_Olympics,Q241763,Q240002,Q140325
https://en.wikipedia.org/wiki/France_at_the_2012_Summer_Olympics,bronze,https://en.wikipedia.org/wiki/Edith_Bosch,https://en.wikipedia.org/wiki/Netherlands_at_the_2012_Summer_Olympics,Q241763,Q139832,Q140325
https://en.wikipedia.org/wiki/Kayla_Harrison,bronze,https://en.wikipedia.org/wiki/Mayra_Aguiar,https://en.wikipedia.org/wiki/Brazil_at_the_2012_Summer_Olympics,Q3041067,Q2358331,Q140422
https://en.wikipedia.org/wiki/United_States_at_the_2012_Summer_Olympics,bronze,https://en.wikipedia.org/wiki/Mayra_Aguiar,https://en.wikipedia.org/wiki/Brazil_at_the_2012_Summer_Olympics,Q3041067,Q139623,Q140422
https://en.wikipedia.org/wiki/Idalys_Ortiz,bronze,https://en.wikipedia.org/wiki/Tong_Wen,https://en.wikipedia.org/wiki/China_at_the_2012_Summer_Olympics,Q241934,Q2084858,Q139669
https://en.wikipedia.org/wiki/Cuba_at_the_2012_Summer_Olympics,bronze,https://en.wikipedia.org/wiki/Tong_Wen,https://en.wikipedia.org/wiki/China_at_the_2012_Summer_Olympics,Q241934,Q141479,Q139669
https://en.wikipedia.org/wiki/Yannick_Agnel,bronze,https://en.wikipedia.org/wiki/Sun_Yang,https://en.wikipedia.org/wiki/China_at_the_2012_Summer_Olympics,Q309986,Q312872,Q139669
https://en.wikipedia.org/wiki/France_at_the_2012_Summer_Olympics,bronze,https://en.wikipedia.org/wiki/Sun_Yang,https://en.wikipedia.org/wiki/China_at_the_2012_Summer_Olympics,Q309986,Q139832,Q139669
https://en.wikipedia.org/wiki/Michael_Phelps,bronze,https://en.wikipedia.org/wiki/Yevgeny_Korotyshkin,https://en.wikipedia.org/wiki/Russia_at_the_2012_Summer_Olympics,Q556111,Q39562,Q139685
https://en.wikipedia.org/wiki/United_States_at_the_2012_Summer_Olympics,bronze,https://en.wikipedia.org/wiki/Yevgeny_Korotyshkin,https://en.wikipedia.org/wiki/Russia_at_the_2012_Summer_Olympics,Q556111,Q139623,Q139685
https://en.wikipedia.org/wiki/Joel_Gonz%C3%A1lez,bronze,https://en.wikipedia.org/wiki/%C3%93scar_Mu%C3%B1oz,https://en.wikipedia.org/wiki/Colombia_at_the_2012_Summer_Olympics,Q293397,Q551448,Q140425
https://en.wikipedia.org/wiki/Spain_at_the_2012_Summer_Olympics,bronze,https://en.wikipedia.org/wiki/%C3%93scar_Mu%C3%B1oz,https://en.wikipedia.org/wiki/Colombia_at_the_2012_Summer_Olympics,Q293397,Q146792,Q140425
https://en.wikipedia.org/wiki/Servet_Tazeg%C3%BCl,bronze,https://en.wikipedia.org/wiki/Rohullah_Nikpai,https://en.wikipedia.org/wiki/Afghanistan_at_the_2012_Summer_Olympics,Q230854,Q551641,Q140225
https://en.wikipedia.org/wiki/Turkey_at_the_2012_Summer_Olympics,bronze,https://en.wikipedia.org/wiki/Rohullah_Nikpai,https://en.wikipedia.org/wiki/Afghanistan_at_the_2012_Summer_Olympics,Q230854,Q140408,Q140225
https://en.wikipedia.org/wiki/Sebasti%C3%A1n_Crismanich,bronze,https://en.wikipedia.org/wiki/Mauro_Sarmiento,https://en.wikipedia.org/wiki/Italy_at_the_2012_Summer_Olympics,Q269550,Q922719,Q140148
https://en.wikipedia.org/wiki/Argentina_at_the_2012_Summer_Olympics,bronze,https://en.wikipedia.org/wiki/Mauro_Sarmiento,https://en.wikipedia.org/wiki/Italy_at_the_2012_Summer_Olympics,Q269550,Q141726,Q140148
https://en.wikipedia.org/wiki/Carlo_Molfetta,bronze,https://en.wikipedia.org/wiki/Liu_Xiaobo_(taekwondo),https://en.wikipedia.org/wiki/China_at_the_2012_Summer_Olympics,Q704986,Q686013,Q139669
https://en.wikipedia.org/wiki/Italy_at_the_2012_Summer_Olympics,bronze,https://en.wikipedia.org/wiki/Liu_Xiaobo_(taekwondo),https://en.wikipedia.org/wiki/China_at_the_2012_Summer_Olympics,Q704986,Q140148,Q139669
https://en.wikipedia.org/wiki/Wu_Jingyu,bronze,https://en.wikipedia.org/wiki/Lucija_Zaninovi%C4%87,https://en.wikipedia.org/wiki/Croatia_at_the_2012_Summer_Olympics,Q442397,Q269469,Q147232
https://en.wikipedia.org/wiki/China_at_the_2012_Summer_Olympics,bronze,https://en.wikipedia.org/wiki/Lucija_Zaninovi%C4%87,https://en.wikipedia.org/wiki/Croatia_at_the_2012_Summer_Olympics,Q442397,Q139669,Q147232
https://en.wikipedia.org/wiki/Jade_Jones_(taekwondo),bronze,https://en.wikipedia.org/wiki/Tseng_Li-cheng,https://en.wikipedia.org/wiki/Chinese_Taipei_at_the_2012_Summer_Olympics,Q522178,Q272570,Q141437
https://en.wikipedia.org/wiki/Great_Britain_at_the_2012_Summer_Olympics,bronze,https://en.wikipedia.org/wiki/Tseng_Li-cheng,https://en.wikipedia.org/wiki/Chinese_Taipei_at_the_2012_Summer_Olympics,Q522178,Q139606,Q141437
https://en.wikipedia.org/wiki/Hwang_Kyung-Seon,bronze,https://en.wikipedia.org/wiki/Paige_McPherson,https://en.wikipedia.org/wiki/United_States_at_the_2012_Summer_Olympics,Q2046429,Q269744,Q139623
https://en.wikipedia.org/wiki/South_Korea_at_the_2012_Summer_Olympics,bronze,https://en.wikipedia.org/wiki/Paige_McPherson,https://en.wikipedia.org/wiki/United_States_at_the_2012_Summer_Olympics,Q2046429,Q146689,Q139623
https://en.wikipedia.org/wiki/Milica_Mandi%C4%87,bronze,https://en.wikipedia.org/wiki/Mar%C3%ADa_Espinoza,https://en.wikipedia.org/wiki/Mexico_at_the_2012_Summer_Olympics,Q257472,Q263914,Q141490
https://en.wikipedia.org/wiki/Serbia_at_the_2012_Summer_Olympics,bronze,https://en.wikipedia.org/wiki/Mar%C3%ADa_Espinoza,https://en.wikipedia.org/wiki/Mexico_at_the_2012_Summer_Olympics,Q257472,Q140582,Q141490
https://en.wikipedia.org/wiki/Dzhamal_Otarsultanov,bronze,https://en.wikipedia.org/wiki/Shinichi_Yumoto,https://en.wikipedia.org/wiki/Japan_at_the_2012_Summer_Olympics,Q1351830,Q923660,Q146717
https://en.wikipedia.org/wiki/Russia_at_the_2012_Summer_Olympics,bronze,https://en.wikipedia.org/wiki/Shinichi_Yumoto,https://en.wikipedia.org/wiki/Japan_at_the_2012_Summer_Olympics,Q1351830,Q139685,Q146717
https://en.wikipedia.org/wiki/Tatsuhiro_Yonemitsu,bronze,https://en.wikipedia.org/wiki/Akzhurek_Tanatarov,https://en.wikipedia.org/wiki/Kazakhstan_at_the_2012_Summer_Olympics,Q622768,Q762349,Q139795
https://en.wikipedia.org/wiki/Japan_at_the_2012_Summer_Olympics,bronze,https://en.wikipedia.org/wiki/Akzhurek_Tanatarov,https://en.wikipedia.org/wiki/Kazakhstan_at_the_2012_Summer_Olympics,Q622768,Q146717,Q139795
https://en.wikipedia.org/wiki/Jordan_Burroughs,bronze,https://en.wikipedia.org/wiki/Denis_Tsargush,https://en.wikipedia.org/wiki/Russia_at_the_2012_Summer_Olympics,Q724229,Q252667,Q139685
https://en.wikipedia.org/wiki/United_States_at_the_2012_Summer_Olympics,bronze,https://en.wikipedia.org/wiki/Denis_Tsargush,https://en.wikipedia.org/wiki/Russia_at_the_2012_Summer_Olympics,Q724229,Q139623,Q139685
https://en.wikipedia.org/wiki/Sharif_Sharifov,bronze,https://en.wikipedia.org/wiki/Dato_Marsagishvili,https://en.wikipedia.org/wiki/Georgia_at_the_2012_Summer_Olympics,Q760877,Q466133,Q140166
https://en.wikipedia.org/wiki/Azerbaijan_at_the_2012_Summer_Olympics,bronze,https://en.wikipedia.org/wiki/Dato_Marsagishvili,https://en.wikipedia.org/wiki/Georgia_at_the_2012_Summer_Olympics,Q760877,Q140234,Q140166
https://en.wikipedia.org/wiki/Jacob_Varner,bronze,https://en.wikipedia.org/wiki/Giorgi_Gogshelidze,https://en.wikipedia.org/wiki/Georgia_at_the_2012_Summer_Olympics,Q562272,Q1679393,Q140166
https://en.wikipedia.org/wiki/United_States_at_the_2012_Summer_Olympics,bronze,https://en.wikipedia.org/wiki/Giorgi_Gogshelidze,https://en.wikipedia.org/wiki/Georgia_at_the_2012_Summer_Olympics,Q562272,Q139623,Q140166
https://en.wikipedia.org/wiki/Hitomi_Obara,bronze,https://en.wikipedia.org/wiki/Carol_Huynh,https://en.wikipedia.org/wiki/Canada_at_the_2012_Summer_Olympics,Q256421,Q263677,Q140982
https://en.wikipedia.org/wiki/Japan_at_the_2012_Summer_Olympics,bronze,https://en.wikipedia.org/wiki/Carol_Huynh,https://en.wikipedia.org/wiki/Canada_at_the_2012_Summer_Olympics,Q256421,Q146717,Q140982
https://en.wikipedia.org/wiki/Saori_Yoshida,bronze,https://en.wikipedia.org/wiki/Jackeline_Renter%C3%ADa,https://en.wikipedia.org/wiki/Colombia_at_the_2012_Summer_Olympics,Q1115922,Q230985,Q140425
https://en.wikipedia.org/wiki/Japan_at_the_2012_Summer_Olympics,bronze,https://en.wikipedia.org/wiki/Jackeline_Renter%C3%ADa,https://en.wikipedia.org/wiki/Colombia_at_the_2012_Summer_Olympics,Q1115922,Q146717,Q140425
https://en.wikipedia.org/wiki/Kaori_Icho,bronze,https://en.wikipedia.org/wiki/Lubov_Volosova,https://en.wikipedia.org/wiki/Russia_at_the_2012_Summer_Olympics,Q289128,Q233460,Q139685
https://en.wikipedia.org/wiki/Japan_at_the_2012_Summer_Olympics,bronze,https://en.wikipedia.org/wiki/Lubov_Volosova,https://en.wikipedia.org/wiki/Russia_at_the_2012_Summer_Olympics,Q289128,Q146717,Q139685
https://en.wikipedia.org/wiki/Natalia_Vorobieva,bronze,https://en.wikipedia.org/wiki/Maider_Unda,https://en.wikipedia.org/wiki/Spain_at_the_2012_Summer_Olympics,Q260877,Q452936,Q146792
https://en.wikipedia.org/wiki/Russia_at_the_2012_Summer_Olympics,bronze,https://en.wikipedia.org/wiki/Maider_Unda,https://en.wikipedia.org/wiki/Spain_at_the_2012_Summer_Olympics,Q260877,Q139685,Q146792
https://en.wikipedia.org/wiki/Hamid_Sourian,bronze,https://en.wikipedia.org/wiki/Mingiyan_Semenov,https://en.wikipedia.org/wiki/Russia_at_the_2012_Summer_Olympics,Q982593,Q562562,Q139685
https://en.wikipedia.org/wiki/Iran_at_the_2012_Summer_Olympics,bronze,https://en.wikipedia.org/wiki/Mingiyan_Semenov,https://en.wikipedia.org/wiki/Russia_at_the_2012_Summer_Olympics,Q982593,Q147360,Q139685
https://en.wikipedia.org/wiki/Omid_Norouzi,bronze,https://en.wikipedia.org/wiki/Ry%C5%ABtar%C5%8D_Matsumoto,https://en.wikipedia.org/wiki/Japan_at_the_2012_Summer_Olympics,Q971681,Q2717940,Q146717
https://en.wikipedia.org/wiki/Iran_at_the_2012_Summer_Olympics,bronze,https://en.wikipedia.org/wiki/Ry%C5%ABtar%C5%8D_Matsumoto,https://en.wikipedia.org/wiki/Japan_at_the_2012_Summer_Olympics,Q971681,Q147360,Q146717
https://en.wikipedia.org/wiki/Kim_Hyeon-Woo,bronze,https://en.wikipedia.org/wiki/Manuchar_Tskhadaia,https://en.wikipedia.org/wiki/Georgia_at_the_2012_Summer_Olympics,Q2740623,Q485607,Q140166
https://en.wikipedia.org/wiki/South_Korea_at_the_2012_Summer_Olympics,bronze,https://en.wikipedia.org/wiki/Manuchar_Tskhadaia,https://en.wikipedia.org/wiki/Georgia_at_the_2012_Summer_Olympics,Q2740623,Q146689,Q140166
https://en.wikipedia.org/wiki/Roman_Vlasov,bronze,https://en.wikipedia.org/wiki/Aleksandr_Kazakevi%C4%8D,https://en.wikipedia.org/wiki/Lithuania_at_the_2012_Summer_Olympics,Q971513,Q927833,Q139973
https://en.wikipedia.org/wiki/Russia_at_the_2012_Summer_Olympics,bronze,https://en.wikipedia.org/wiki/Aleksandr_Kazakevi%C4%8D,https://en.wikipedia.org/wiki/Lithuania_at_the_2012_Summer_Olympics,Q971513,Q139685,Q139973
https://en.wikipedia.org/wiki/Alan_Khugayev,bronze,https://en.wikipedia.org/wiki/Damian_Janikowski,https://en.wikipedia.org/wiki/Poland_at_the_2012_Summer_Olympics,Q1158449,Q981430,Q141014
https://en.wikipedia.org/wiki/Russia_at_the_2012_Summer_Olympics,bronze,https://en.wikipedia.org/wiki/Damian_Janikowski,https://en.wikipedia.org/wiki/Poland_at_the_2012_Summer_Olympics,Q1158449,Q139685,Q141014
https://en.wikipedia.org/wiki/Ghasem_Rezaei,bronze,https://en.wikipedia.org/wiki/Jimmy_Lidberg,https://en.wikipedia.org/wiki/Sweden_at_the_2012_Summer_Olympics,Q948183,Q733138,Q147112
https://en.wikipedia.org/wiki/Iran_at_the_2012_Summer_Olympics,bronze,https://en.wikipedia.org/wiki/Jimmy_Lidberg,https://en.wikipedia.org/wiki/Sweden_at_the_2012_Summer_Olympics,Q948183,Q147360,Q147112
https://en.wikipedia.org/wiki/Mija%C3%ADn_L%C3%B3pez,bronze,https://en.wikipedia.org/wiki/R%C4%B1za_Kayaalp,https://en.wikipedia.org/wiki/Turkey_at_the_2012_Summer_Olympics,Q47699,Q462790,Q140408
https://en.wikipedia.org/wiki/Cuba_at_the_2012_Summer_Olympics,bronze,https://en.wikipedia.org/wiki/R%C4%B1za_Kayaalp,https://en.wikipedia.org/wiki/Turkey_at_the_2012_Summer_Olympics,Q47699,Q141479,Q140408
